FIPS_Code,State,Area_Name,Attribute,Value
0,US,United States,Civilian_labor_force_2019,163815894
0,US,United States,Employed_2019,157805901
0,US,United States,Unemployed_2019,6009993
0,US,United States,Unemployment_rate_2019,3.7
0,US,United States,Civilian_labor_force_2020,161131754
0,US,United States,Employed_2020,148133696
0,US,United States,Unemployed_2020,12998058
0,US,United States,Unemployment_rate_2020,8.1
0,US,United States,Civilian_labor_force_2021,161784447
0,US,United States,Employed_2021,153122706
0,US,United States,Unemployed_2021,8661741
0,US,United States,Unemployment_rate_2021,5.4
0,US,United States,Civilian_labor_force_2022,164341251
0,US,United States,Employed_2022,158342285
0,US,United States,Unemployed_2022,5998966
0,US,United States,Unemployment_rate_2022,3.7
0,US,United States,Civilian_labor_force_2023,166689556
0,US,United States,Employed_2023,160623678
0,US,United States,Unemployed_2023,6065878
0,US,United States,Unemployment_rate_2023,3.6
0,US,United States,Median_Household_Income_2022,74755
1000,AL,Alabama,Civilian_labor_force_2019,2271835
1000,AL,Alabama,Employed_2019,2199379
1000,AL,Alabama,Unemployed_2019,72456
1000,AL,Alabama,Unemployment_rate_2019,3.2
1000,AL,Alabama,Civilian_labor_force_2020,2263144
1000,AL,Alabama,Employed_2020,2118600
1000,AL,Alabama,Unemployed_2020,144544
1000,AL,Alabama,Unemployment_rate_2020,6.4
1000,AL,Alabama,Civilian_labor_force_2021,2249514
1000,AL,Alabama,Employed_2021,2173978
1000,AL,Alabama,Unemployed_2021,75536
1000,AL,Alabama,Unemployment_rate_2021,3.4
1000,AL,Alabama,Civilian_labor_force_2022,2276362
1000,AL,Alabama,Employed_2022,2218627
1000,AL,Alabama,Unemployed_2022,57735
1000,AL,Alabama,Unemployment_rate_2022,2.5
1000,AL,Alabama,Civilian_labor_force_2023,2308131
1000,AL,Alabama,Employed_2023,2250472
1000,AL,Alabama,Unemployed_2023,57659
1000,AL,Alabama,Unemployment_rate_2023,2.5
1000,AL,Alabama,Median_Household_Income_2022,59703
1000,AL,Alabama,Med_HH_Income_Percent_of_State_Total_2022,100
2000,AK,Alaska,Civilian_labor_force_2019,352029
2000,AK,Alaska,Employed_2019,332197
2000,AK,Alaska,Unemployed_2019,19832
2000,AK,Alaska,Unemployment_rate_2019,5.6
2000,AK,Alaska,Civilian_labor_force_2020,346552
2000,AK,Alaska,Employed_2020,317678
2000,AK,Alaska,Unemployed_2020,28874
2000,AK,Alaska,Unemployment_rate_2020,8.3
2000,AK,Alaska,Civilian_labor_force_2021,351520
2000,AK,Alaska,Employed_2021,329147
2000,AK,Alaska,Unemployed_2021,22373
2000,AK,Alaska,Unemployment_rate_2021,6.4
2000,AK,Alaska,Civilian_labor_force_2022,353692
2000,AK,Alaska,Employed_2022,338729
2000,AK,Alaska,Unemployed_2022,14963
2000,AK,Alaska,Unemployment_rate_2022,4.2
2000,AK,Alaska,Civilian_labor_force_2023,357094
2000,AK,Alaska,Employed_2023,342005
2000,AK,Alaska,Unemployed_2023,15089
2000,AK,Alaska,Unemployment_rate_2023,4.2
2000,AK,Alaska,Median_Household_Income_2022,88072
2000,AK,Alaska,Med_HH_Income_Percent_of_State_Total_2022,100
4000,AZ,Arizona,Civilian_labor_force_2019,3432400
4000,AZ,Arizona,Employed_2019,3267548
4000,AZ,Arizona,Unemployed_2019,164852
4000,AZ,Arizona,Unemployment_rate_2019,4.8
4000,AZ,Arizona,Civilian_labor_force_2020,3471339
4000,AZ,Arizona,Employed_2020,3200219
4000,AZ,Arizona,Unemployed_2020,271120
4000,AZ,Arizona,Unemployment_rate_2020,7.8
4000,AZ,Arizona,Civilian_labor_force_2021,3525449
4000,AZ,Arizona,Employed_2021,3347264
4000,AZ,Arizona,Unemployed_2021,178185
4000,AZ,Arizona,Unemployment_rate_2021,5.1
4000,AZ,Arizona,Civilian_labor_force_2022,3599531
4000,AZ,Arizona,Employed_2022,3462671
4000,AZ,Arizona,Unemployed_2022,136860
4000,AZ,Arizona,Unemployment_rate_2022,3.8
4000,AZ,Arizona,Civilian_labor_force_2023,3690974
4000,AZ,Arizona,Employed_2023,3546508
4000,AZ,Arizona,Unemployed_2023,144466
4000,AZ,Arizona,Unemployment_rate_2023,3.9
4000,AZ,Arizona,Median_Household_Income_2022,74355
4000,AZ,Arizona,Med_HH_Income_Percent_of_State_Total_2022,100
5000,AR,Arkansas,Civilian_labor_force_2019,1353175
5000,AR,Arkansas,Employed_2019,1305858
5000,AR,Arkansas,Unemployed_2019,47317
5000,AR,Arkansas,Unemployment_rate_2019,3.5
5000,AR,Arkansas,Civilian_labor_force_2020,1340557
5000,AR,Arkansas,Employed_2020,1257949
5000,AR,Arkansas,Unemployed_2020,82608
5000,AR,Arkansas,Unemployment_rate_2020,6.2
5000,AR,Arkansas,Civilian_labor_force_2021,1330676
5000,AR,Arkansas,Employed_2021,1276933
5000,AR,Arkansas,Unemployed_2021,53743
5000,AR,Arkansas,Unemployment_rate_2021,4
5000,AR,Arkansas,Civilian_labor_force_2022,1359540
5000,AR,Arkansas,Employed_2022,1315886
5000,AR,Arkansas,Unemployed_2022,43654
5000,AR,Arkansas,Unemployment_rate_2022,3.2
5000,AR,Arkansas,Civilian_labor_force_2023,1377657
5000,AR,Arkansas,Employed_2023,1332876
5000,AR,Arkansas,Unemployed_2023,44781
5000,AR,Arkansas,Unemployment_rate_2023,3.3
5000,AR,Arkansas,Median_Household_Income_2022,55505
5000,AR,Arkansas,Med_HH_Income_Percent_of_State_Total_2022,100
6000,CA,California,Civilian_labor_force_2019,19385262
6000,CA,California,Employed_2019,18589551
6000,CA,California,Unemployed_2019,795711
6000,CA,California,Unemployment_rate_2019,4.1
6000,CA,California,Civilian_labor_force_2020,18958604
6000,CA,California,Employed_2020,17037036
6000,CA,California,Unemployed_2020,1921568
6000,CA,California,Unemployment_rate_2020,10.1
6000,CA,California,Civilian_labor_force_2021,18956575
6000,CA,California,Employed_2021,17568743
6000,CA,California,Unemployed_2021,1387832
6000,CA,California,Unemployment_rate_2021,7.3
6000,CA,California,Civilian_labor_force_2022,19169341
6000,CA,California,Employed_2022,18348916
6000,CA,California,Unemployed_2022,820425
6000,CA,California,Unemployment_rate_2022,4.3
6000,CA,California,Civilian_labor_force_2023,19308287
6000,CA,California,Employed_2023,18388329
6000,CA,California,Unemployed_2023,919958
6000,CA,California,Unemployment_rate_2023,4.8
6000,CA,California,Median_Household_Income_2022,91517
6000,CA,California,Med_HH_Income_Percent_of_State_Total_2022,100
8000,CO,Colorado,Civilian_labor_force_2019,3104684
8000,CO,Colorado,Employed_2019,3022060
8000,CO,Colorado,Unemployed_2019,82624
8000,CO,Colorado,Unemployment_rate_2019,2.7
8000,CO,Colorado,Civilian_labor_force_2020,3082228
8000,CO,Colorado,Employed_2020,2873752
8000,CO,Colorado,Unemployed_2020,208476
8000,CO,Colorado,Unemployment_rate_2020,6.8
8000,CO,Colorado,Civilian_labor_force_2021,3149673
8000,CO,Colorado,Employed_2021,2977479
8000,CO,Colorado,Unemployed_2021,172194
8000,CO,Colorado,Unemployment_rate_2021,5.5
8000,CO,Colorado,Civilian_labor_force_2022,3186932
8000,CO,Colorado,Employed_2022,3089081
8000,CO,Colorado,Unemployed_2022,97851
8000,CO,Colorado,Unemployment_rate_2022,3.1
8000,CO,Colorado,Civilian_labor_force_2023,3230482
8000,CO,Colorado,Employed_2023,3128115
8000,CO,Colorado,Unemployed_2023,102367
8000,CO,Colorado,Unemployment_rate_2023,3.2
8000,CO,Colorado,Median_Household_Income_2022,89096
8000,CO,Colorado,Med_HH_Income_Percent_of_State_Total_2022,100
9000,CT,Connecticut,Civilian_labor_force_2019,1931826
9000,CT,Connecticut,Employed_2019,1862314
9000,CT,Connecticut,Unemployed_2019,69512
9000,CT,Connecticut,Unemployment_rate_2019,3.6
9000,CT,Connecticut,Civilian_labor_force_2020,1874247
9000,CT,Connecticut,Employed_2020,1724812
9000,CT,Connecticut,Unemployed_2020,149435
9000,CT,Connecticut,Unemployment_rate_2020,8
9000,CT,Connecticut,Civilian_labor_force_2021,1842166
9000,CT,Connecticut,Employed_2021,1724540
9000,CT,Connecticut,Unemployed_2021,117626
9000,CT,Connecticut,Unemployment_rate_2021,6.4
9000,CT,Connecticut,Civilian_labor_force_2022,1912008
9000,CT,Connecticut,Employed_2022,1833670
9000,CT,Connecticut,Unemployed_2022,78338
9000,CT,Connecticut,Unemployment_rate_2022,4.1
9000,CT,Connecticut,Civilian_labor_force_2023,1893200
9000,CT,Connecticut,Employed_2023,1822088
9000,CT,Connecticut,Unemployed_2023,71112
9000,CT,Connecticut,Unemployment_rate_2023,3.8
9000,CT,Connecticut,Median_Household_Income_2022,88182
9000,CT,Connecticut,Med_HH_Income_Percent_of_State_Total_2022,100
10000,DE,Delaware,Civilian_labor_force_2019,485873
10000,DE,Delaware,Employed_2019,468539
10000,DE,Delaware,Unemployed_2019,17334
10000,DE,Delaware,Unemployment_rate_2019,3.6
10000,DE,Delaware,Civilian_labor_force_2020,486701
10000,DE,Delaware,Employed_2020,450325
10000,DE,Delaware,Unemployed_2020,36376
10000,DE,Delaware,Unemployment_rate_2020,7.5
10000,DE,Delaware,Civilian_labor_force_2021,493627
10000,DE,Delaware,Employed_2021,466623
10000,DE,Delaware,Unemployed_2021,27004
10000,DE,Delaware,Unemployment_rate_2021,5.5
10000,DE,Delaware,Civilian_labor_force_2022,497202
10000,DE,Delaware,Employed_2022,475995
10000,DE,Delaware,Unemployed_2022,21207
10000,DE,Delaware,Unemployment_rate_2022,4.3
10000,DE,Delaware,Civilian_labor_force_2023,506529
10000,DE,Delaware,Employed_2023,486404
10000,DE,Delaware,Unemployed_2023,20125
10000,DE,Delaware,Unemployment_rate_2023,4
10000,DE,Delaware,Median_Household_Income_2022,81933
10000,DE,Delaware,Med_HH_Income_Percent_of_State_Total_2022,100
11000,DC,District of Columbia,Civilian_labor_force_2019,400641
11000,DC,District of Columbia,Employed_2019,378443
11000,DC,District of Columbia,Unemployed_2019,22198
11000,DC,District of Columbia,Unemployment_rate_2019,5.5
11000,DC,District of Columbia,Civilian_labor_force_2020,386235
11000,DC,District of Columbia,Employed_2020,355694
11000,DC,District of Columbia,Unemployed_2020,30541
11000,DC,District of Columbia,Unemployment_rate_2020,7.9
11000,DC,District of Columbia,Civilian_labor_force_2021,377737
11000,DC,District of Columbia,Employed_2021,352029
11000,DC,District of Columbia,Unemployed_2021,25708
11000,DC,District of Columbia,Unemployment_rate_2021,6.8
11000,DC,District of Columbia,Civilian_labor_force_2022,388387
11000,DC,District of Columbia,Employed_2022,369952
11000,DC,District of Columbia,Unemployed_2022,18435
11000,DC,District of Columbia,Unemployment_rate_2022,4.7
11000,DC,District of Columbia,Civilian_labor_force_2023,398251
11000,DC,District of Columbia,Employed_2023,378714
11000,DC,District of Columbia,Unemployed_2023,19537
11000,DC,District of Columbia,Unemployment_rate_2023,4.9
11000,DC,District of Columbia,Median_Household_Income_2022,99897
11000,DC,District of Columbia,Med_HH_Income_Percent_of_State_Total_2022,100
11001,DC,District of Columbia,Rural_Urban_Continuum_Code_2023,1
11001,DC,District of Columbia,Urban_Influence_Code_2013,1
11001,DC,District of Columbia,Metro_2023,1
11001,DC,District of Columbia,Civilian_labor_force_2019,400641
11001,DC,District of Columbia,Employed_2019,378443
11001,DC,District of Columbia,Unemployed_2019,22198
11001,DC,District of Columbia,Unemployment_rate_2019,5.5
11001,DC,District of Columbia,Civilian_labor_force_2020,386235
11001,DC,District of Columbia,Employed_2020,355694
11001,DC,District of Columbia,Unemployed_2020,30541
11001,DC,District of Columbia,Unemployment_rate_2020,7.9
11001,DC,District of Columbia,Civilian_labor_force_2021,377737
11001,DC,District of Columbia,Employed_2021,352029
11001,DC,District of Columbia,Unemployed_2021,25708
11001,DC,District of Columbia,Unemployment_rate_2021,6.8
11001,DC,District of Columbia,Civilian_labor_force_2022,388387
11001,DC,District of Columbia,Employed_2022,369952
11001,DC,District of Columbia,Unemployed_2022,18435
11001,DC,District of Columbia,Unemployment_rate_2022,4.7
11001,DC,District of Columbia,Civilian_labor_force_2023,398251
11001,DC,District of Columbia,Employed_2023,378714
11001,DC,District of Columbia,Unemployed_2023,19537
11001,DC,District of Columbia,Unemployment_rate_2023,4.9
11001,DC,District of Columbia,Median_Household_Income_2022,99897
11001,DC,District of Columbia,Med_HH_Income_Percent_of_State_Total_2022,100
12000,FL,Florida,Civilian_labor_force_2019,10256297
12000,FL,Florida,Employed_2019,9922941
12000,FL,Florida,Unemployed_2019,333356
12000,FL,Florida,Unemployment_rate_2019,3.3
12000,FL,Florida,Civilian_labor_force_2020,10077028
12000,FL,Florida,Employed_2020,9257738
12000,FL,Florida,Unemployed_2020,819290
12000,FL,Florida,Unemployment_rate_2020,8.1
12000,FL,Florida,Civilian_labor_force_2021,10320373
12000,FL,Florida,Employed_2021,9838506
12000,FL,Florida,Unemployed_2021,481867
12000,FL,Florida,Unemployment_rate_2021,4.7
12000,FL,Florida,Civilian_labor_force_2022,10692183
12000,FL,Florida,Employed_2022,10370751
12000,FL,Florida,Unemployed_2022,321432
12000,FL,Florida,Unemployment_rate_2022,3
12000,FL,Florida,Civilian_labor_force_2023,10988566
12000,FL,Florida,Employed_2023,10668886
12000,FL,Florida,Unemployed_2023,319680
12000,FL,Florida,Unemployment_rate_2023,2.9
12000,FL,Florida,Median_Household_Income_2022,69287
12000,FL,Florida,Med_HH_Income_Percent_of_State_Total_2022,100
13000,GA,Georgia,Civilian_labor_force_2019,5165423
13000,GA,Georgia,Employed_2019,4980501
13000,GA,Georgia,Unemployed_2019,184922
13000,GA,Georgia,Unemployment_rate_2019,3.6
13000,GA,Georgia,Civilian_labor_force_2020,5082864
13000,GA,Georgia,Employed_2020,4754102
13000,GA,Georgia,Unemployed_2020,328762
13000,GA,Georgia,Unemployment_rate_2020,6.5
13000,GA,Georgia,Civilian_labor_force_2021,5156388
13000,GA,Georgia,Employed_2021,4954094
13000,GA,Georgia,Unemployed_2021,202294
13000,GA,Georgia,Unemployment_rate_2021,3.9
13000,GA,Georgia,Civilian_labor_force_2022,5222263
13000,GA,Georgia,Employed_2022,5058165
13000,GA,Georgia,Unemployed_2022,164098
13000,GA,Georgia,Unemployment_rate_2022,3.1
13000,GA,Georgia,Civilian_labor_force_2023,5305623
13000,GA,Georgia,Employed_2023,5135833
13000,GA,Georgia,Unemployed_2023,169790
13000,GA,Georgia,Unemployment_rate_2023,3.2
13000,GA,Georgia,Median_Household_Income_2022,72742
13000,GA,Georgia,Med_HH_Income_Percent_of_State_Total_2022,100
15000,HI,Hawaii,Civilian_labor_force_2019,686066
15000,HI,Hawaii,Employed_2019,668769
15000,HI,Hawaii,Unemployed_2019,17297
15000,HI,Hawaii,Unemployment_rate_2019,2.5
15000,HI,Hawaii,Civilian_labor_force_2020,665964
15000,HI,Hawaii,Employed_2020,588159
15000,HI,Hawaii,Unemployed_2020,77805
15000,HI,Hawaii,Unemployment_rate_2020,11.7
15000,HI,Hawaii,Civilian_labor_force_2021,670193
15000,HI,Hawaii,Employed_2021,630151
15000,HI,Hawaii,Unemployed_2021,40042
15000,HI,Hawaii,Unemployment_rate_2021,6
15000,HI,Hawaii,Civilian_labor_force_2022,672727
15000,HI,Hawaii,Employed_2022,650672
15000,HI,Hawaii,Unemployed_2022,22055
15000,HI,Hawaii,Unemployment_rate_2022,3.3
15000,HI,Hawaii,Civilian_labor_force_2023,676355
15000,HI,Hawaii,Employed_2023,656336
15000,HI,Hawaii,Unemployed_2023,20019
15000,HI,Hawaii,Unemployment_rate_2023,3
15000,HI,Hawaii,Median_Household_Income_2022,93683
15000,HI,Hawaii,Med_HH_Income_Percent_of_State_Total_2022,100
16000,ID,Idaho,Civilian_labor_force_2019,888611
16000,ID,Idaho,Employed_2019,862940
16000,ID,Idaho,Unemployed_2019,25671
16000,ID,Idaho,Unemployment_rate_2019,2.9
16000,ID,Idaho,Civilian_labor_force_2020,899807
16000,ID,Idaho,Employed_2020,850130
16000,ID,Idaho,Unemployed_2020,49677
16000,ID,Idaho,Unemployment_rate_2020,5.5
16000,ID,Idaho,Civilian_labor_force_2021,921718
16000,ID,Idaho,Employed_2021,888950
16000,ID,Idaho,Unemployed_2021,32768
16000,ID,Idaho,Unemployment_rate_2021,3.6
16000,ID,Idaho,Civilian_labor_force_2022,944919
16000,ID,Idaho,Employed_2022,918106
16000,ID,Idaho,Unemployed_2022,26813
16000,ID,Idaho,Unemployment_rate_2022,2.8
16000,ID,Idaho,Civilian_labor_force_2023,961506
16000,ID,Idaho,Employed_2023,931748
16000,ID,Idaho,Unemployed_2023,29758
16000,ID,Idaho,Unemployment_rate_2023,3.1
16000,ID,Idaho,Median_Household_Income_2022,72634
16000,ID,Idaho,Med_HH_Income_Percent_of_State_Total_2022,100
17000,IL,Illinois,Civilian_labor_force_2019,6543691
17000,IL,Illinois,Employed_2019,6283464
17000,IL,Illinois,Unemployed_2019,260227
17000,IL,Illinois,Unemployment_rate_2019,4
17000,IL,Illinois,Civilian_labor_force_2020,6321066
17000,IL,Illinois,Employed_2020,5735263
17000,IL,Illinois,Unemployed_2020,585803
17000,IL,Illinois,Unemployment_rate_2020,9.3
17000,IL,Illinois,Civilian_labor_force_2021,6327675
17000,IL,Illinois,Employed_2021,5942191
17000,IL,Illinois,Unemployed_2021,385484
17000,IL,Illinois,Unemployment_rate_2021,6.1
17000,IL,Illinois,Civilian_labor_force_2022,6421708
17000,IL,Illinois,Employed_2022,6127480
17000,IL,Illinois,Unemployed_2022,294228
17000,IL,Illinois,Unemployment_rate_2022,4.6
17000,IL,Illinois,Civilian_labor_force_2023,6437855
17000,IL,Illinois,Employed_2023,6150672
17000,IL,Illinois,Unemployed_2023,287183
17000,IL,Illinois,Unemployment_rate_2023,4.5
17000,IL,Illinois,Median_Household_Income_2022,76744
17000,IL,Illinois,Med_HH_Income_Percent_of_State_Total_2022,100
18000,IN,Indiana,Civilian_labor_force_2019,3399870
18000,IN,Indiana,Employed_2019,3287462
18000,IN,Indiana,Unemployed_2019,112408
18000,IN,Indiana,Unemployment_rate_2019,3.3
18000,IN,Indiana,Civilian_labor_force_2020,3328778
18000,IN,Indiana,Employed_2020,3086279
18000,IN,Indiana,Unemployed_2020,242499
18000,IN,Indiana,Unemployment_rate_2020,7.3
18000,IN,Indiana,Civilian_labor_force_2021,3332745
18000,IN,Indiana,Employed_2021,3201829
18000,IN,Indiana,Unemployed_2021,130916
18000,IN,Indiana,Unemployment_rate_2021,3.9
18000,IN,Indiana,Civilian_labor_force_2022,3373887
18000,IN,Indiana,Employed_2022,3270662
18000,IN,Indiana,Unemployed_2022,103225
18000,IN,Indiana,Unemployment_rate_2022,3.1
18000,IN,Indiana,Civilian_labor_force_2023,3401387
18000,IN,Indiana,Employed_2023,3288017
18000,IN,Indiana,Unemployed_2023,113370
18000,IN,Indiana,Unemployment_rate_2023,3.3
18000,IN,Indiana,Median_Household_Income_2022,66768
18000,IN,Indiana,Med_HH_Income_Percent_of_State_Total_2022,100
19000,IA,Iowa,Civilian_labor_force_2019,1742078
19000,IA,Iowa,Employed_2019,1695474
19000,IA,Iowa,Unemployed_2019,46604
19000,IA,Iowa,Unemployment_rate_2019,2.7
19000,IA,Iowa,Civilian_labor_force_2020,1668401
19000,IA,Iowa,Employed_2020,1582202
19000,IA,Iowa,Unemployed_2020,86199
19000,IA,Iowa,Unemployment_rate_2020,5.2
19000,IA,Iowa,Civilian_labor_force_2021,1679982
19000,IA,Iowa,Employed_2021,1615303
19000,IA,Iowa,Unemployed_2021,64679
19000,IA,Iowa,Unemployment_rate_2021,3.8
19000,IA,Iowa,Civilian_labor_force_2022,1706493
19000,IA,Iowa,Employed_2022,1658263
19000,IA,Iowa,Unemployed_2022,48230
19000,IA,Iowa,Unemployment_rate_2022,2.8
19000,IA,Iowa,Civilian_labor_force_2023,1709402
19000,IA,Iowa,Employed_2023,1659106
19000,IA,Iowa,Unemployed_2023,50296
19000,IA,Iowa,Unemployment_rate_2023,2.9
19000,IA,Iowa,Median_Household_Income_2022,69708
19000,IA,Iowa,Med_HH_Income_Percent_of_State_Total_2022,100
20000,KS,Kansas,Civilian_labor_force_2019,1504415
20000,KS,Kansas,Employed_2019,1456662
20000,KS,Kansas,Unemployed_2019,47753
20000,KS,Kansas,Unemployment_rate_2019,3.2
20000,KS,Kansas,Civilian_labor_force_2020,1501827
20000,KS,Kansas,Employed_2020,1414596
20000,KS,Kansas,Unemployed_2020,87231
20000,KS,Kansas,Unemployment_rate_2020,5.8
20000,KS,Kansas,Civilian_labor_force_2021,1498226
20000,KS,Kansas,Employed_2021,1448294
20000,KS,Kansas,Unemployed_2021,49932
20000,KS,Kansas,Unemployment_rate_2021,3.3
20000,KS,Kansas,Civilian_labor_force_2022,1502603
20000,KS,Kansas,Employed_2022,1463010
20000,KS,Kansas,Unemployed_2022,39593
20000,KS,Kansas,Unemployment_rate_2022,2.6
20000,KS,Kansas,Civilian_labor_force_2023,1510988
20000,KS,Kansas,Employed_2023,1470936
20000,KS,Kansas,Unemployed_2023,40052
20000,KS,Kansas,Unemployment_rate_2023,2.7
20000,KS,Kansas,Median_Household_Income_2022,68827
20000,KS,Kansas,Med_HH_Income_Percent_of_State_Total_2022,100
21000,KY,Kentucky,Civilian_labor_force_2019,2064637
21000,KY,Kentucky,Employed_2019,1979803
21000,KY,Kentucky,Unemployed_2019,84834
21000,KY,Kentucky,Unemployment_rate_2019,4.1
21000,KY,Kentucky,Civilian_labor_force_2020,2005210
21000,KY,Kentucky,Employed_2020,1874863
21000,KY,Kentucky,Unemployed_2020,130347
21000,KY,Kentucky,Unemployment_rate_2020,6.5
21000,KY,Kentucky,Civilian_labor_force_2021,2010884
21000,KY,Kentucky,Employed_2021,1921355
21000,KY,Kentucky,Unemployed_2021,89529
21000,KY,Kentucky,Unemployment_rate_2021,4.5
21000,KY,Kentucky,Civilian_labor_force_2022,2030274
21000,KY,Kentucky,Employed_2022,1948312
21000,KY,Kentucky,Unemployed_2022,81962
21000,KY,Kentucky,Unemployment_rate_2022,4
21000,KY,Kentucky,Civilian_labor_force_2023,2026263
21000,KY,Kentucky,Employed_2023,1941994
21000,KY,Kentucky,Unemployed_2023,84269
21000,KY,Kentucky,Unemployment_rate_2023,4.2
21000,KY,Kentucky,Median_Household_Income_2022,59246
21000,KY,Kentucky,Med_HH_Income_Percent_of_State_Total_2022,100
22000,LA,Louisiana,Civilian_labor_force_2019,2101749
22000,LA,Louisiana,Employed_2019,2004115
22000,LA,Louisiana,Unemployed_2019,97634
22000,LA,Louisiana,Unemployment_rate_2019,4.6
22000,LA,Louisiana,Civilian_labor_force_2020,2052043
22000,LA,Louisiana,Employed_2020,1875244
22000,LA,Louisiana,Unemployed_2020,176799
22000,LA,Louisiana,Unemployment_rate_2020,8.6
22000,LA,Louisiana,Civilian_labor_force_2021,2056137
22000,LA,Louisiana,Employed_2021,1941271
22000,LA,Louisiana,Unemployed_2021,114866
22000,LA,Louisiana,Unemployment_rate_2021,5.6
22000,LA,Louisiana,Civilian_labor_force_2022,2068817
22000,LA,Louisiana,Employed_2022,1993244
22000,LA,Louisiana,Unemployed_2022,75573
22000,LA,Louisiana,Unemployment_rate_2022,3.7
22000,LA,Louisiana,Civilian_labor_force_2023,2076760
22000,LA,Louisiana,Employed_2023,2000152
22000,LA,Louisiana,Unemployed_2023,76608
22000,LA,Louisiana,Unemployment_rate_2023,3.7
22000,LA,Louisiana,Median_Household_Income_2022,55458
22000,LA,Louisiana,Med_HH_Income_Percent_of_State_Total_2022,100
23000,ME,Maine,Civilian_labor_force_2019,698261
23000,ME,Maine,Employed_2019,678011
23000,ME,Maine,Unemployed_2019,20250
23000,ME,Maine,Unemployment_rate_2019,2.9
23000,ME,Maine,Civilian_labor_force_2020,671979
23000,ME,Maine,Employed_2020,637985
23000,ME,Maine,Unemployed_2020,33994
23000,ME,Maine,Unemployment_rate_2020,5.1
23000,ME,Maine,Civilian_labor_force_2021,688542
23000,ME,Maine,Employed_2021,656138
23000,ME,Maine,Unemployed_2021,32404
23000,ME,Maine,Unemployment_rate_2021,4.7
23000,ME,Maine,Civilian_labor_force_2022,681172
23000,ME,Maine,Employed_2022,661833
23000,ME,Maine,Unemployed_2022,19339
23000,ME,Maine,Unemployment_rate_2022,2.8
23000,ME,Maine,Civilian_labor_force_2023,687322
23000,ME,Maine,Employed_2023,667619
23000,ME,Maine,Unemployed_2023,19703
23000,ME,Maine,Unemployment_rate_2023,2.9
23000,ME,Maine,Median_Household_Income_2022,69485
23000,ME,Maine,Med_HH_Income_Percent_of_State_Total_2022,100
24000,MD,Maryland,Civilian_labor_force_2019,3338480
24000,MD,Maryland,Employed_2019,3225825
24000,MD,Maryland,Unemployed_2019,112655
24000,MD,Maryland,Unemployment_rate_2019,3.4
24000,MD,Maryland,Civilian_labor_force_2020,3230561
24000,MD,Maryland,Employed_2020,3022470
24000,MD,Maryland,Unemployed_2020,208091
24000,MD,Maryland,Unemployment_rate_2020,6.4
24000,MD,Maryland,Civilian_labor_force_2021,3152885
24000,MD,Maryland,Employed_2021,2988216
24000,MD,Maryland,Unemployed_2021,164669
24000,MD,Maryland,Unemployment_rate_2021,5.2
24000,MD,Maryland,Civilian_labor_force_2022,3154854
24000,MD,Maryland,Employed_2022,3060216
24000,MD,Maryland,Unemployed_2022,94638
24000,MD,Maryland,Unemployment_rate_2022,3
24000,MD,Maryland,Civilian_labor_force_2023,3184868
24000,MD,Maryland,Employed_2023,3117270
24000,MD,Maryland,Unemployed_2023,67598
24000,MD,Maryland,Unemployment_rate_2023,2.1
24000,MD,Maryland,Median_Household_Income_2022,94957
24000,MD,Maryland,Med_HH_Income_Percent_of_State_Total_2022,100
25000,MA,Massachusetts,Civilian_labor_force_2019,3848611
25000,MA,Massachusetts,Employed_2019,3731900
25000,MA,Massachusetts,Unemployed_2019,116711
25000,MA,Massachusetts,Unemployment_rate_2019,3
25000,MA,Massachusetts,Civilian_labor_force_2020,3744255
25000,MA,Massachusetts,Employed_2020,3396014
25000,MA,Massachusetts,Unemployed_2020,348241
25000,MA,Massachusetts,Unemployment_rate_2020,9.3
25000,MA,Massachusetts,Civilian_labor_force_2021,3731417
25000,MA,Massachusetts,Employed_2021,3530207
25000,MA,Massachusetts,Unemployed_2021,201210
25000,MA,Massachusetts,Unemployment_rate_2021,5.4
25000,MA,Massachusetts,Civilian_labor_force_2022,3743592
25000,MA,Massachusetts,Employed_2022,3606318
25000,MA,Massachusetts,Unemployed_2022,137274
25000,MA,Massachusetts,Unemployment_rate_2022,3.7
25000,MA,Massachusetts,Civilian_labor_force_2023,3751662
25000,MA,Massachusetts,Employed_2023,3625293
25000,MA,Massachusetts,Unemployed_2023,126369
25000,MA,Massachusetts,Unemployment_rate_2023,3.4
25000,MA,Massachusetts,Median_Household_Income_2022,94538
25000,MA,Massachusetts,Med_HH_Income_Percent_of_State_Total_2022,100
26000,MI,Michigan,Civilian_labor_force_2019,4979516
26000,MI,Michigan,Employed_2019,4776963
26000,MI,Michigan,Unemployed_2019,202553
26000,MI,Michigan,Unemployment_rate_2019,4.1
26000,MI,Michigan,Civilian_labor_force_2020,4861572
26000,MI,Michigan,Employed_2020,4376032
26000,MI,Michigan,Unemployed_2020,485540
26000,MI,Michigan,Unemployment_rate_2020,10
26000,MI,Michigan,Civilian_labor_force_2021,4775153
26000,MI,Michigan,Employed_2021,4500849
26000,MI,Michigan,Unemployed_2021,274304
26000,MI,Michigan,Unemployment_rate_2021,5.7
26000,MI,Michigan,Civilian_labor_force_2022,4866063
26000,MI,Michigan,Employed_2022,4664171
26000,MI,Michigan,Unemployed_2022,201892
26000,MI,Michigan,Unemployment_rate_2022,4.1
26000,MI,Michigan,Civilian_labor_force_2023,5007904
26000,MI,Michigan,Employed_2023,4812421
26000,MI,Michigan,Unemployed_2023,195483
26000,MI,Michigan,Unemployment_rate_2023,3.9
26000,MI,Michigan,Median_Household_Income_2022,66926
26000,MI,Michigan,Med_HH_Income_Percent_of_State_Total_2022,100
27000,MN,Minnesota,Civilian_labor_force_2019,3111674
27000,MN,Minnesota,Employed_2019,3009672
27000,MN,Minnesota,Unemployed_2019,102002
27000,MN,Minnesota,Unemployment_rate_2019,3.3
27000,MN,Minnesota,Civilian_labor_force_2020,3122016
27000,MN,Minnesota,Employed_2020,2926644
27000,MN,Minnesota,Unemployed_2020,195372
27000,MN,Minnesota,Unemployment_rate_2020,6.3
27000,MN,Minnesota,Civilian_labor_force_2021,3049037
27000,MN,Minnesota,Employed_2021,2935653
27000,MN,Minnesota,Unemployed_2021,113384
27000,MN,Minnesota,Unemployment_rate_2021,3.7
27000,MN,Minnesota,Civilian_labor_force_2022,3071450
27000,MN,Minnesota,Employed_2022,2992787
27000,MN,Minnesota,Unemployed_2022,78663
27000,MN,Minnesota,Unemployment_rate_2022,2.6
27000,MN,Minnesota,Civilian_labor_force_2023,3099923
27000,MN,Minnesota,Employed_2023,3012707
27000,MN,Minnesota,Unemployed_2023,87216
27000,MN,Minnesota,Unemployment_rate_2023,2.8
27000,MN,Minnesota,Median_Household_Income_2022,82343
27000,MN,Minnesota,Med_HH_Income_Percent_of_State_Total_2022,100
28000,MS,Mississippi,Civilian_labor_force_2019,1278958
28000,MS,Mississippi,Employed_2019,1208541
28000,MS,Mississippi,Unemployed_2019,70417
28000,MS,Mississippi,Unemployment_rate_2019,5.5
28000,MS,Mississippi,Civilian_labor_force_2020,1244316
28000,MS,Mississippi,Employed_2020,1145184
28000,MS,Mississippi,Unemployed_2020,99132
28000,MS,Mississippi,Unemployment_rate_2020,8
28000,MS,Mississippi,Civilian_labor_force_2021,1251894
28000,MS,Mississippi,Employed_2021,1183867
28000,MS,Mississippi,Unemployed_2021,68027
28000,MS,Mississippi,Unemployment_rate_2021,5.4
28000,MS,Mississippi,Civilian_labor_force_2022,1248093
28000,MS,Mississippi,Employed_2022,1200234
28000,MS,Mississippi,Unemployed_2022,47859
28000,MS,Mississippi,Unemployment_rate_2022,3.8
28000,MS,Mississippi,Civilian_labor_force_2023,1231104
28000,MS,Mississippi,Employed_2023,1192015
28000,MS,Mississippi,Unemployed_2023,39089
28000,MS,Mississippi,Unemployment_rate_2023,3.2
28000,MS,Mississippi,Median_Household_Income_2022,52788
28000,MS,Mississippi,Med_HH_Income_Percent_of_State_Total_2022,100
29000,MO,Missouri,Civilian_labor_force_2019,3073523
29000,MO,Missouri,Employed_2019,2973662
29000,MO,Missouri,Unemployed_2019,99861
29000,MO,Missouri,Unemployment_rate_2019,3.2
29000,MO,Missouri,Civilian_labor_force_2020,3025785
29000,MO,Missouri,Employed_2020,2839617
29000,MO,Missouri,Unemployed_2020,186168
29000,MO,Missouri,Unemployment_rate_2020,6.2
29000,MO,Missouri,Civilian_labor_force_2021,3028635
29000,MO,Missouri,Employed_2021,2902841
29000,MO,Missouri,Unemployed_2021,125794
29000,MO,Missouri,Unemployment_rate_2021,4.2
29000,MO,Missouri,Civilian_labor_force_2022,3036611
29000,MO,Missouri,Employed_2022,2957352
29000,MO,Missouri,Unemployed_2022,79259
29000,MO,Missouri,Unemployment_rate_2022,2.6
29000,MO,Missouri,Civilian_labor_force_2023,3087759
29000,MO,Missouri,Employed_2023,2993587
29000,MO,Missouri,Unemployed_2023,94172
29000,MO,Missouri,Unemployment_rate_2023,3
29000,MO,Missouri,Median_Household_Income_2022,64783
29000,MO,Missouri,Med_HH_Income_Percent_of_State_Total_2022,100
30000,MT,Montana,Civilian_labor_force_2019,543914
30000,MT,Montana,Employed_2019,524870
30000,MT,Montana,Unemployed_2019,19044
30000,MT,Montana,Unemployment_rate_2019,3.5
30000,MT,Montana,Civilian_labor_force_2020,544500
30000,MT,Montana,Employed_2020,512744
30000,MT,Montana,Unemployed_2020,31756
30000,MT,Montana,Unemployment_rate_2020,5.8
30000,MT,Montana,Civilian_labor_force_2021,549105
30000,MT,Montana,Employed_2021,530391
30000,MT,Montana,Unemployed_2021,18714
30000,MT,Montana,Unemployment_rate_2021,3.4
30000,MT,Montana,Civilian_labor_force_2022,564052
30000,MT,Montana,Employed_2022,548848
30000,MT,Montana,Unemployed_2022,15204
30000,MT,Montana,Unemployment_rate_2022,2.7
30000,MT,Montana,Civilian_labor_force_2023,574096
30000,MT,Montana,Employed_2023,557509
30000,MT,Montana,Unemployed_2023,16587
30000,MT,Montana,Unemployment_rate_2023,2.9
30000,MT,Montana,Median_Household_Income_2022,67915
30000,MT,Montana,Med_HH_Income_Percent_of_State_Total_2022,100
31000,NE,Nebraska,Civilian_labor_force_2019,1050380
31000,NE,Nebraska,Employed_2019,1017743
31000,NE,Nebraska,Unemployed_2019,32637
31000,NE,Nebraska,Unemployment_rate_2019,3.1
31000,NE,Nebraska,Civilian_labor_force_2020,1045106
31000,NE,Nebraska,Employed_2020,1000645
31000,NE,Nebraska,Unemployed_2020,44461
31000,NE,Nebraska,Unemployment_rate_2020,4.3
31000,NE,Nebraska,Civilian_labor_force_2021,1043331
31000,NE,Nebraska,Employed_2021,1015997
31000,NE,Nebraska,Unemployed_2021,27334
31000,NE,Nebraska,Unemployment_rate_2021,2.6
31000,NE,Nebraska,Civilian_labor_force_2022,1050357
31000,NE,Nebraska,Employed_2022,1027681
31000,NE,Nebraska,Unemployed_2022,22676
31000,NE,Nebraska,Unemployment_rate_2022,2.2
31000,NE,Nebraska,Civilian_labor_force_2023,1054681
31000,NE,Nebraska,Employed_2023,1030880
31000,NE,Nebraska,Unemployed_2023,23801
31000,NE,Nebraska,Unemployment_rate_2023,2.3
31000,NE,Nebraska,Median_Household_Income_2022,69828
31000,NE,Nebraska,Med_HH_Income_Percent_of_State_Total_2022,100
32000,NV,Nevada,Civilian_labor_force_2019,1545118
32000,NV,Nevada,Employed_2019,1481046
32000,NV,Nevada,Unemployed_2019,64072
32000,NV,Nevada,Unemployment_rate_2019,4.1
32000,NV,Nevada,Civilian_labor_force_2020,1505941
32000,NV,Nevada,Employed_2020,1302514
32000,NV,Nevada,Unemployed_2020,203427
32000,NV,Nevada,Unemployment_rate_2020,13.5
32000,NV,Nevada,Civilian_labor_force_2021,1500442
32000,NV,Nevada,Employed_2021,1397961
32000,NV,Nevada,Unemployed_2021,102481
32000,NV,Nevada,Unemployment_rate_2021,6.8
32000,NV,Nevada,Civilian_labor_force_2022,1557609
32000,NV,Nevada,Employed_2022,1476297
32000,NV,Nevada,Unemployed_2022,81312
32000,NV,Nevada,Unemployment_rate_2022,5.2
32000,NV,Nevada,Civilian_labor_force_2023,1602652
32000,NV,Nevada,Employed_2023,1520260
32000,NV,Nevada,Unemployed_2023,82392
32000,NV,Nevada,Unemployment_rate_2023,5.1
32000,NV,Nevada,Median_Household_Income_2022,72348
32000,NV,Nevada,Med_HH_Income_Percent_of_State_Total_2022,100
33000,NH,New Hampshire,Civilian_labor_force_2019,778467
33000,NH,New Hampshire,Employed_2019,758463
33000,NH,New Hampshire,Unemployed_2019,20004
33000,NH,New Hampshire,Unemployment_rate_2019,2.6
33000,NH,New Hampshire,Civilian_labor_force_2020,761429
33000,NH,New Hampshire,Employed_2020,710538
33000,NH,New Hampshire,Unemployed_2020,50891
33000,NH,New Hampshire,Unemployment_rate_2020,6.7
33000,NH,New Hampshire,Civilian_labor_force_2021,753206
33000,NH,New Hampshire,Employed_2021,727574
33000,NH,New Hampshire,Unemployed_2021,25632
33000,NH,New Hampshire,Unemployment_rate_2021,3.4
33000,NH,New Hampshire,Civilian_labor_force_2022,760333
33000,NH,New Hampshire,Employed_2022,742975
33000,NH,New Hampshire,Unemployed_2022,17358
33000,NH,New Hampshire,Unemployment_rate_2022,2.3
33000,NH,New Hampshire,Civilian_labor_force_2023,759604
33000,NH,New Hampshire,Employed_2023,742886
33000,NH,New Hampshire,Unemployed_2023,16718
33000,NH,New Hampshire,Unemployment_rate_2023,2.2
33000,NH,New Hampshire,Median_Household_Income_2022,90750
33000,NH,New Hampshire,Med_HH_Income_Percent_of_State_Total_2022,100
34000,NJ,New Jersey,Civilian_labor_force_2019,4687390
34000,NJ,New Jersey,Employed_2019,4525044
34000,NJ,New Jersey,Unemployed_2019,162346
34000,NJ,New Jersey,Unemployment_rate_2019,3.5
34000,NJ,New Jersey,Civilian_labor_force_2020,4638386
34000,NJ,New Jersey,Employed_2020,4200980
34000,NJ,New Jersey,Unemployed_2020,437406
34000,NJ,New Jersey,Unemployment_rate_2020,9.4
34000,NJ,New Jersey,Civilian_labor_force_2021,4648814
34000,NJ,New Jersey,Employed_2021,4337793
34000,NJ,New Jersey,Unemployed_2021,311021
34000,NJ,New Jersey,Unemployment_rate_2021,6.7
34000,NJ,New Jersey,Civilian_labor_force_2022,4736213
34000,NJ,New Jersey,Employed_2022,4552563
34000,NJ,New Jersey,Unemployed_2022,183650
34000,NJ,New Jersey,Unemployment_rate_2022,3.9
34000,NJ,New Jersey,Civilian_labor_force_2023,4829671
34000,NJ,New Jersey,Employed_2023,4615722
34000,NJ,New Jersey,Unemployed_2023,213949
34000,NJ,New Jersey,Unemployment_rate_2023,4.4
34000,NJ,New Jersey,Median_Household_Income_2022,96341
34000,NJ,New Jersey,Med_HH_Income_Percent_of_State_Total_2022,100
35000,NM,New Mexico,Civilian_labor_force_2019,955798
35000,NM,New Mexico,Employed_2019,908397
35000,NM,New Mexico,Unemployed_2019,47401
35000,NM,New Mexico,Unemployment_rate_2019,5
35000,NM,New Mexico,Civilian_labor_force_2020,931499
35000,NM,New Mexico,Employed_2020,858100
35000,NM,New Mexico,Unemployed_2020,73399
35000,NM,New Mexico,Unemployment_rate_2020,7.9
35000,NM,New Mexico,Civilian_labor_force_2021,942420
35000,NM,New Mexico,Employed_2021,875911
35000,NM,New Mexico,Unemployed_2021,66509
35000,NM,New Mexico,Unemployment_rate_2021,7.1
35000,NM,New Mexico,Civilian_labor_force_2022,947411
35000,NM,New Mexico,Employed_2022,908878
35000,NM,New Mexico,Unemployed_2022,38533
35000,NM,New Mexico,Unemployment_rate_2022,4.1
35000,NM,New Mexico,Civilian_labor_force_2023,965244
35000,NM,New Mexico,Employed_2023,928983
35000,NM,New Mexico,Unemployed_2023,36261
35000,NM,New Mexico,Unemployment_rate_2023,3.8
35000,NM,New Mexico,Median_Household_Income_2022,59842
35000,NM,New Mexico,Med_HH_Income_Percent_of_State_Total_2022,100
36000,NY,New York,Civilian_labor_force_2019,9850900
36000,NY,New York,Employed_2019,9470443
36000,NY,New York,Unemployed_2019,380457
36000,NY,New York,Unemployment_rate_2019,3.9
36000,NY,New York,Civilian_labor_force_2020,9564414
36000,NY,New York,Employed_2020,8628006
36000,NY,New York,Unemployed_2020,936408
36000,NY,New York,Unemployment_rate_2020,9.8
36000,NY,New York,Civilian_labor_force_2021,9532961
36000,NY,New York,Employed_2021,8856999
36000,NY,New York,Unemployed_2021,675962
36000,NY,New York,Unemployment_rate_2021,7.1
36000,NY,New York,Civilian_labor_force_2022,9595770
36000,NY,New York,Employed_2022,9178585
36000,NY,New York,Unemployed_2022,417185
36000,NY,New York,Unemployment_rate_2022,4.3
36000,NY,New York,Civilian_labor_force_2023,9717791
36000,NY,New York,Employed_2023,9306973
36000,NY,New York,Unemployed_2023,410818
36000,NY,New York,Unemployment_rate_2023,4.2
36000,NY,New York,Median_Household_Income_2022,79463
36000,NY,New York,Med_HH_Income_Percent_of_State_Total_2022,100
37000,NC,North Carolina,Civilian_labor_force_2019,5000820
37000,NC,North Carolina,Employed_2019,4807598
37000,NC,North Carolina,Unemployed_2019,193222
37000,NC,North Carolina,Unemployment_rate_2019,3.9
37000,NC,North Carolina,Civilian_labor_force_2020,4831154
37000,NC,North Carolina,Employed_2020,4483551
37000,NC,North Carolina,Unemployed_2020,347603
37000,NC,North Carolina,Unemployment_rate_2020,7.2
37000,NC,North Carolina,Civilian_labor_force_2021,4939281
37000,NC,North Carolina,Employed_2021,4697757
37000,NC,North Carolina,Unemployed_2021,241524
37000,NC,North Carolina,Unemployment_rate_2021,4.9
37000,NC,North Carolina,Civilian_labor_force_2022,5155937
37000,NC,North Carolina,Employed_2022,4965568
37000,NC,North Carolina,Unemployed_2022,190369
37000,NC,North Carolina,Unemployment_rate_2022,3.7
37000,NC,North Carolina,Civilian_labor_force_2023,5231638
37000,NC,North Carolina,Employed_2023,5050870
37000,NC,North Carolina,Unemployed_2023,180768
37000,NC,North Carolina,Unemployment_rate_2023,3.5
37000,NC,North Carolina,Median_Household_Income_2022,67516
37000,NC,North Carolina,Med_HH_Income_Percent_of_State_Total_2022,100
38000,ND,North Dakota,Civilian_labor_force_2019,414120
38000,ND,North Dakota,Employed_2019,405150
38000,ND,North Dakota,Unemployed_2019,8970
38000,ND,North Dakota,Unemployment_rate_2019,2.2
38000,ND,North Dakota,Civilian_labor_force_2020,409175
38000,ND,North Dakota,Employed_2020,388962
38000,ND,North Dakota,Unemployed_2020,20213
38000,ND,North Dakota,Unemployment_rate_2020,4.9
38000,ND,North Dakota,Civilian_labor_force_2021,407443
38000,ND,North Dakota,Employed_2021,395160
38000,ND,North Dakota,Unemployed_2021,12283
38000,ND,North Dakota,Unemployment_rate_2021,3
38000,ND,North Dakota,Civilian_labor_force_2022,412237
38000,ND,North Dakota,Employed_2022,403886
38000,ND,North Dakota,Unemployed_2022,8351
38000,ND,North Dakota,Unemployment_rate_2022,2
38000,ND,North Dakota,Civilian_labor_force_2023,416722
38000,ND,North Dakota,Employed_2023,408909
38000,ND,North Dakota,Unemployed_2023,7813
38000,ND,North Dakota,Unemployment_rate_2023,1.9
38000,ND,North Dakota,Median_Household_Income_2022,73240
38000,ND,North Dakota,Med_HH_Income_Percent_of_State_Total_2022,100
39000,OH,Ohio,Civilian_labor_force_2019,5879395
39000,OH,Ohio,Employed_2019,5634934
39000,OH,Ohio,Unemployed_2019,244461
39000,OH,Ohio,Unemployment_rate_2019,4.2
39000,OH,Ohio,Civilian_labor_force_2020,5736620
39000,OH,Ohio,Employed_2020,5266859
39000,OH,Ohio,Unemployed_2020,469761
39000,OH,Ohio,Unemployment_rate_2020,8.2
39000,OH,Ohio,Civilian_labor_force_2021,5708982
39000,OH,Ohio,Employed_2021,5415608
39000,OH,Ohio,Unemployed_2021,293374
39000,OH,Ohio,Unemployment_rate_2021,5.1
39000,OH,Ohio,Civilian_labor_force_2022,5733131
39000,OH,Ohio,Employed_2022,5503265
39000,OH,Ohio,Unemployed_2022,229866
39000,OH,Ohio,Unemployment_rate_2022,4
39000,OH,Ohio,Civilian_labor_force_2023,5786996
39000,OH,Ohio,Employed_2023,5582438
39000,OH,Ohio,Unemployed_2023,204558
39000,OH,Ohio,Unemployment_rate_2023,3.5
39000,OH,Ohio,Median_Household_Income_2022,65786
39000,OH,Ohio,Med_HH_Income_Percent_of_State_Total_2022,100
40000,OK,Oklahoma,Civilian_labor_force_2019,1843331
40000,OK,Oklahoma,Employed_2019,1785400
40000,OK,Oklahoma,Unemployed_2019,57931
40000,OK,Oklahoma,Unemployment_rate_2019,3.1
40000,OK,Oklahoma,Civilian_labor_force_2020,1842829
40000,OK,Oklahoma,Employed_2020,1726786
40000,OK,Oklahoma,Unemployed_2020,116043
40000,OK,Oklahoma,Unemployment_rate_2020,6.3
40000,OK,Oklahoma,Civilian_labor_force_2021,1866370
40000,OK,Oklahoma,Employed_2021,1791369
40000,OK,Oklahoma,Unemployed_2021,75001
40000,OK,Oklahoma,Unemployment_rate_2021,4
40000,OK,Oklahoma,Civilian_labor_force_2022,1903508
40000,OK,Oklahoma,Employed_2022,1845328
40000,OK,Oklahoma,Unemployed_2022,58180
40000,OK,Oklahoma,Unemployment_rate_2022,3.1
40000,OK,Oklahoma,Civilian_labor_force_2023,1963240
40000,OK,Oklahoma,Employed_2023,1899949
40000,OK,Oklahoma,Unemployed_2023,63291
40000,OK,Oklahoma,Unemployment_rate_2023,3.2
40000,OK,Oklahoma,Median_Household_Income_2022,59632
40000,OK,Oklahoma,Med_HH_Income_Percent_of_State_Total_2022,100
41000,OR,Oregon,Civilian_labor_force_2019,2091454
41000,OR,Oregon,Employed_2019,2013835
41000,OR,Oregon,Unemployed_2019,77619
41000,OR,Oregon,Unemployment_rate_2019,3.7
41000,OR,Oregon,Civilian_labor_force_2020,2107241
41000,OR,Oregon,Employed_2020,1947540
41000,OR,Oregon,Unemployed_2020,159701
41000,OR,Oregon,Unemployment_rate_2020,7.6
41000,OR,Oregon,Civilian_labor_force_2021,2144461
41000,OR,Oregon,Employed_2021,2033502
41000,OR,Oregon,Unemployed_2021,110959
41000,OR,Oregon,Unemployment_rate_2021,5.2
41000,OR,Oregon,Civilian_labor_force_2022,2159953
41000,OR,Oregon,Employed_2022,2075083
41000,OR,Oregon,Unemployed_2022,84870
41000,OR,Oregon,Unemployment_rate_2022,3.9
41000,OR,Oregon,Civilian_labor_force_2023,2162127
41000,OR,Oregon,Employed_2023,2081652
41000,OR,Oregon,Unemployed_2023,80475
41000,OR,Oregon,Unemployment_rate_2023,3.7
41000,OR,Oregon,Median_Household_Income_2022,75638
41000,OR,Oregon,Med_HH_Income_Percent_of_State_Total_2022,100
42000,PA,Pennsylvania,Civilian_labor_force_2019,6576454
42000,PA,Pennsylvania,Employed_2019,6291680
42000,PA,Pennsylvania,Unemployed_2019,284774
42000,PA,Pennsylvania,Unemployment_rate_2019,4.3
42000,PA,Pennsylvania,Civilian_labor_force_2020,6506484
42000,PA,Pennsylvania,Employed_2020,5929949
42000,PA,Pennsylvania,Unemployed_2020,576535
42000,PA,Pennsylvania,Unemployment_rate_2020,8.9
42000,PA,Pennsylvania,Civilian_labor_force_2021,6431855
42000,PA,Pennsylvania,Employed_2021,6054068
42000,PA,Pennsylvania,Unemployed_2021,377787
42000,PA,Pennsylvania,Unemployment_rate_2021,5.9
42000,PA,Pennsylvania,Civilian_labor_force_2022,6465248
42000,PA,Pennsylvania,Employed_2022,6202046
42000,PA,Pennsylvania,Unemployed_2022,263202
42000,PA,Pennsylvania,Unemployment_rate_2022,4.1
42000,PA,Pennsylvania,Civilian_labor_force_2023,6518343
42000,PA,Pennsylvania,Employed_2023,6295653
42000,PA,Pennsylvania,Unemployed_2023,222690
42000,PA,Pennsylvania,Unemployment_rate_2023,3.4
42000,PA,Pennsylvania,Median_Household_Income_2022,71789
42000,PA,Pennsylvania,Med_HH_Income_Percent_of_State_Total_2022,100
44000,RI,Rhode Island,Civilian_labor_force_2019,574066
44000,RI,Rhode Island,Employed_2019,553845
44000,RI,Rhode Island,Unemployed_2019,20221
44000,RI,Rhode Island,Unemployment_rate_2019,3.5
44000,RI,Rhode Island,Civilian_labor_force_2020,570736
44000,RI,Rhode Island,Employed_2020,518282
44000,RI,Rhode Island,Unemployed_2020,52454
44000,RI,Rhode Island,Unemployment_rate_2020,9.2
44000,RI,Rhode Island,Civilian_labor_force_2021,572546
44000,RI,Rhode Island,Employed_2021,540926
44000,RI,Rhode Island,Unemployed_2021,31620
44000,RI,Rhode Island,Unemployment_rate_2021,5.5
44000,RI,Rhode Island,Civilian_labor_force_2022,571754
44000,RI,Rhode Island,Employed_2022,553588
44000,RI,Rhode Island,Unemployed_2022,18166
44000,RI,Rhode Island,Unemployment_rate_2022,3.2
44000,RI,Rhode Island,Civilian_labor_force_2023,573848
44000,RI,Rhode Island,Employed_2023,556609
44000,RI,Rhode Island,Unemployed_2023,17239
44000,RI,Rhode Island,Unemployment_rate_2023,3
44000,RI,Rhode Island,Median_Household_Income_2022,80873
44000,RI,Rhode Island,Med_HH_Income_Percent_of_State_Total_2022,100
45000,SC,South Carolina,Civilian_labor_force_2019,2333533
45000,SC,South Carolina,Employed_2019,2268884
45000,SC,South Carolina,Unemployed_2019,64649
45000,SC,South Carolina,Unemployment_rate_2019,2.8
45000,SC,South Carolina,Civilian_labor_force_2020,2339140
45000,SC,South Carolina,Employed_2020,2199751
45000,SC,South Carolina,Unemployed_2020,139389
45000,SC,South Carolina,Unemployment_rate_2020,6
45000,SC,South Carolina,Civilian_labor_force_2021,2359169
45000,SC,South Carolina,Employed_2021,2266611
45000,SC,South Carolina,Unemployed_2021,92558
45000,SC,South Carolina,Unemployment_rate_2021,3.9
45000,SC,South Carolina,Civilian_labor_force_2022,2393329
45000,SC,South Carolina,Employed_2022,2316435
45000,SC,South Carolina,Unemployed_2022,76894
45000,SC,South Carolina,Unemployment_rate_2022,3.2
45000,SC,South Carolina,Civilian_labor_force_2023,2453060
45000,SC,South Carolina,Employed_2023,2380392
45000,SC,South Carolina,Unemployed_2023,72668
45000,SC,South Carolina,Unemployment_rate_2023,3
45000,SC,South Carolina,Median_Household_Income_2022,64227
45000,SC,South Carolina,Med_HH_Income_Percent_of_State_Total_2022,100
46000,SD,South Dakota,Civilian_labor_force_2019,464665
46000,SD,South Dakota,Employed_2019,451735
46000,SD,South Dakota,Unemployed_2019,12930
46000,SD,South Dakota,Unemployment_rate_2019,2.8
46000,SD,South Dakota,Civilian_labor_force_2020,464293
46000,SD,South Dakota,Employed_2020,444895
46000,SD,South Dakota,Unemployed_2020,19398
46000,SD,South Dakota,Unemployment_rate_2020,4.2
46000,SD,South Dakota,Civilian_labor_force_2021,468876
46000,SD,South Dakota,Employed_2021,456631
46000,SD,South Dakota,Unemployed_2021,12245
46000,SD,South Dakota,Unemployment_rate_2021,2.6
46000,SD,South Dakota,Civilian_labor_force_2022,474514
46000,SD,South Dakota,Employed_2022,464946
46000,SD,South Dakota,Unemployed_2022,9568
46000,SD,South Dakota,Unemployment_rate_2022,2
46000,SD,South Dakota,Civilian_labor_force_2023,480238
46000,SD,South Dakota,Employed_2023,470715
46000,SD,South Dakota,Unemployed_2023,9523
46000,SD,South Dakota,Unemployment_rate_2023,2
46000,SD,South Dakota,Median_Household_Income_2022,70597
46000,SD,South Dakota,Med_HH_Income_Percent_of_State_Total_2022,100
47000,TN,Tennessee,Civilian_labor_force_2019,3339445
47000,TN,Tennessee,Employed_2019,3227700
47000,TN,Tennessee,Unemployed_2019,111745
47000,TN,Tennessee,Unemployment_rate_2019,3.3
47000,TN,Tennessee,Civilian_labor_force_2020,3299159
47000,TN,Tennessee,Employed_2020,3053560
47000,TN,Tennessee,Unemployed_2020,245599
47000,TN,Tennessee,Unemployment_rate_2020,7.4
47000,TN,Tennessee,Civilian_labor_force_2021,3321355
47000,TN,Tennessee,Employed_2021,3172858
47000,TN,Tennessee,Unemployed_2021,148497
47000,TN,Tennessee,Unemployment_rate_2021,4.5
47000,TN,Tennessee,Civilian_labor_force_2022,3361979
47000,TN,Tennessee,Employed_2022,3247975
47000,TN,Tennessee,Unemployed_2022,114004
47000,TN,Tennessee,Unemployment_rate_2022,3.4
47000,TN,Tennessee,Civilian_labor_force_2023,3379605
47000,TN,Tennessee,Employed_2023,3267935
47000,TN,Tennessee,Unemployed_2023,111670
47000,TN,Tennessee,Unemployment_rate_2023,3.3
47000,TN,Tennessee,Median_Household_Income_2022,65231
47000,TN,Tennessee,Med_HH_Income_Percent_of_State_Total_2022,100
48000,TX,Texas,Civilian_labor_force_2019,13927670
48000,TX,Texas,Employed_2019,13434744
48000,TX,Texas,Unemployed_2019,492926
48000,TX,Texas,Unemployment_rate_2019,3.5
48000,TX,Texas,Civilian_labor_force_2020,13941490
48000,TX,Texas,Employed_2020,12872070
48000,TX,Texas,Unemployed_2020,1069420
48000,TX,Texas,Unemployment_rate_2020,7.7
48000,TX,Texas,Civilian_labor_force_2021,14292315
48000,TX,Texas,Employed_2021,13486624
48000,TX,Texas,Unemployed_2021,805691
48000,TX,Texas,Unemployment_rate_2021,5.6
48000,TX,Texas,Civilian_labor_force_2022,14672312
48000,TX,Texas,Employed_2022,14093906
48000,TX,Texas,Unemployed_2022,578406
48000,TX,Texas,Unemployment_rate_2022,3.9
48000,TX,Texas,Civilian_labor_force_2023,15067153
48000,TX,Texas,Employed_2023,14472524
48000,TX,Texas,Unemployed_2023,594629
48000,TX,Texas,Unemployment_rate_2023,3.9
48000,TX,Texas,Median_Household_Income_2022,72279
48000,TX,Texas,Med_HH_Income_Percent_of_State_Total_2022,100
49000,UT,Utah,Civilian_labor_force_2019,1619079
49000,UT,Utah,Employed_2019,1577970
49000,UT,Utah,Unemployed_2019,41109
49000,UT,Utah,Unemployment_rate_2019,2.5
49000,UT,Utah,Civilian_labor_force_2020,1644201
49000,UT,Utah,Employed_2020,1564747
49000,UT,Utah,Unemployed_2020,79454
49000,UT,Utah,Unemployment_rate_2020,4.8
49000,UT,Utah,Civilian_labor_force_2021,1683325
49000,UT,Utah,Employed_2021,1636957
49000,UT,Utah,Unemployed_2021,46368
49000,UT,Utah,Unemployment_rate_2021,2.8
49000,UT,Utah,Civilian_labor_force_2022,1737741
49000,UT,Utah,Employed_2022,1696513
49000,UT,Utah,Unemployed_2022,41228
49000,UT,Utah,Unemployment_rate_2022,2.4
49000,UT,Utah,Civilian_labor_force_2023,1790381
49000,UT,Utah,Employed_2023,1743223
49000,UT,Utah,Unemployed_2023,47158
49000,UT,Utah,Unemployment_rate_2023,2.6
49000,UT,Utah,Median_Household_Income_2022,88531
49000,UT,Utah,Med_HH_Income_Percent_of_State_Total_2022,100
50000,VT,Vermont,Civilian_labor_force_2019,353432
50000,VT,Vermont,Employed_2019,346059
50000,VT,Vermont,Unemployed_2019,7373
50000,VT,Vermont,Unemployment_rate_2019,2.1
50000,VT,Vermont,Civilian_labor_force_2020,339758
50000,VT,Vermont,Employed_2020,320708
50000,VT,Vermont,Unemployed_2020,19050
50000,VT,Vermont,Unemployment_rate_2020,5.6
50000,VT,Vermont,Civilian_labor_force_2021,336265
50000,VT,Vermont,Employed_2021,324166
50000,VT,Vermont,Unemployed_2021,12099
50000,VT,Vermont,Unemployment_rate_2021,3.6
50000,VT,Vermont,Civilian_labor_force_2022,343550
50000,VT,Vermont,Employed_2022,335547
50000,VT,Vermont,Unemployed_2022,8003
50000,VT,Vermont,Unemployment_rate_2022,2.3
50000,VT,Vermont,Civilian_labor_force_2023,350886
50000,VT,Vermont,Employed_2023,343840
50000,VT,Vermont,Unemployed_2023,7046
50000,VT,Vermont,Unemployment_rate_2023,2
50000,VT,Vermont,Median_Household_Income_2022,74555
50000,VT,Vermont,Med_HH_Income_Percent_of_State_Total_2022,100
51000,VA,Virginia,Civilian_labor_force_2019,4419378
51000,VA,Virginia,Employed_2019,4297265
51000,VA,Virginia,Unemployed_2019,122113
51000,VA,Virginia,Unemployment_rate_2019,2.8
51000,VA,Virginia,Civilian_labor_force_2020,4332338
51000,VA,Virginia,Employed_2020,4053387
51000,VA,Virginia,Unemployed_2020,278951
51000,VA,Virginia,Unemployment_rate_2020,6.4
51000,VA,Virginia,Civilian_labor_force_2021,4315045
51000,VA,Virginia,Employed_2021,4148175
51000,VA,Virginia,Unemployed_2021,166870
51000,VA,Virginia,Unemployment_rate_2021,3.9
51000,VA,Virginia,Civilian_labor_force_2022,4427292
51000,VA,Virginia,Employed_2022,4304759
51000,VA,Virginia,Unemployed_2022,122533
51000,VA,Virginia,Unemployment_rate_2022,2.8
51000,VA,Virginia,Civilian_labor_force_2023,4555208
51000,VA,Virginia,Employed_2023,4424155
51000,VA,Virginia,Unemployed_2023,131053
51000,VA,Virginia,Unemployment_rate_2023,2.9
51000,VA,Virginia,Median_Household_Income_2022,85838
51000,VA,Virginia,Med_HH_Income_Percent_of_State_Total_2022,100
53000,WA,Washington,Civilian_labor_force_2019,3960885
53000,WA,Washington,Employed_2019,3794004
53000,WA,Washington,Unemployed_2019,166881
53000,WA,Washington,Unemployment_rate_2019,4.2
53000,WA,Washington,Civilian_labor_force_2020,3891363
53000,WA,Washington,Employed_2020,3560168
53000,WA,Washington,Unemployed_2020,331195
53000,WA,Washington,Unemployment_rate_2020,8.5
53000,WA,Washington,Civilian_labor_force_2021,3869163
53000,WA,Washington,Employed_2021,3667123
53000,WA,Washington,Unemployed_2021,202040
53000,WA,Washington,Unemployment_rate_2021,5.2
53000,WA,Washington,Civilian_labor_force_2022,3969967
53000,WA,Washington,Employed_2022,3806848
53000,WA,Washington,Unemployed_2022,163119
53000,WA,Washington,Unemployment_rate_2022,4.1
53000,WA,Washington,Civilian_labor_force_2023,4025762
53000,WA,Washington,Employed_2023,3860883
53000,WA,Washington,Unemployed_2023,164879
53000,WA,Washington,Unemployment_rate_2023,4.1
53000,WA,Washington,Median_Household_Income_2022,91255
53000,WA,Washington,Med_HH_Income_Percent_of_State_Total_2022,100
54000,WV,West Virginia,Civilian_labor_force_2019,794874
54000,WV,West Virginia,Employed_2019,755523
54000,WV,West Virginia,Unemployed_2019,39351
54000,WV,West Virginia,Unemployment_rate_2019,5
54000,WV,West Virginia,Civilian_labor_force_2020,777139
54000,WV,West Virginia,Employed_2020,713044
54000,WV,West Virginia,Unemployed_2020,64095
54000,WV,West Virginia,Unemployment_rate_2020,8.2
54000,WV,West Virginia,Civilian_labor_force_2021,773616
54000,WV,West Virginia,Employed_2021,733825
54000,WV,West Virginia,Unemployed_2021,39791
54000,WV,West Virginia,Unemployment_rate_2021,5.1
54000,WV,West Virginia,Civilian_labor_force_2022,778705
54000,WV,West Virginia,Employed_2022,748269
54000,WV,West Virginia,Unemployed_2022,30436
54000,WV,West Virginia,Unemployment_rate_2022,3.9
54000,WV,West Virginia,Civilian_labor_force_2023,785642
54000,WV,West Virginia,Employed_2023,754986
54000,WV,West Virginia,Unemployed_2023,30656
54000,WV,West Virginia,Unemployment_rate_2023,3.9
54000,WV,West Virginia,Median_Household_Income_2022,54097
54000,WV,West Virginia,Med_HH_Income_Percent_of_State_Total_2022,100
55000,WI,Wisconsin,Civilian_labor_force_2019,3117744
55000,WI,Wisconsin,Employed_2019,3017904
55000,WI,Wisconsin,Unemployed_2019,99840
55000,WI,Wisconsin,Unemployment_rate_2019,3.2
55000,WI,Wisconsin,Civilian_labor_force_2020,3100674
55000,WI,Wisconsin,Employed_2020,2900956
55000,WI,Wisconsin,Unemployed_2020,199718
55000,WI,Wisconsin,Unemployment_rate_2020,6.4
55000,WI,Wisconsin,Civilian_labor_force_2021,3106511
55000,WI,Wisconsin,Employed_2021,2986636
55000,WI,Wisconsin,Unemployed_2021,119875
55000,WI,Wisconsin,Unemployment_rate_2021,3.9
55000,WI,Wisconsin,Civilian_labor_force_2022,3094981
55000,WI,Wisconsin,Employed_2022,3004778
55000,WI,Wisconsin,Unemployed_2022,90203
55000,WI,Wisconsin,Unemployment_rate_2022,2.9
55000,WI,Wisconsin,Civilian_labor_force_2023,3133909
55000,WI,Wisconsin,Employed_2023,3038960
55000,WI,Wisconsin,Unemployed_2023,94949
55000,WI,Wisconsin,Unemployment_rate_2023,3
55000,WI,Wisconsin,Median_Household_Income_2022,71050
55000,WI,Wisconsin,Med_HH_Income_Percent_of_State_Total_2022,100
56000,WY,Wyoming,Civilian_labor_force_2019,293997
56000,WY,Wyoming,Employed_2019,283071
56000,WY,Wyoming,Unemployed_2019,10926
56000,WY,Wyoming,Unemployment_rate_2019,3.7
56000,WY,Wyoming,Civilian_labor_force_2020,293606
56000,WY,Wyoming,Employed_2020,276367
56000,WY,Wyoming,Unemployed_2020,17239
56000,WY,Wyoming,Unemployment_rate_2020,5.9
56000,WY,Wyoming,Civilian_labor_force_2021,288769
56000,WY,Wyoming,Employed_2021,275633
56000,WY,Wyoming,Unemployed_2021,13136
56000,WY,Wyoming,Unemployment_rate_2021,4.5
56000,WY,Wyoming,Civilian_labor_force_2022,292664
56000,WY,Wyoming,Employed_2022,282615
56000,WY,Wyoming,Unemployed_2022,10049
56000,WY,Wyoming,Unemployment_rate_2022,3.4
56000,WY,Wyoming,Civilian_labor_force_2023,295207
56000,WY,Wyoming,Employed_2023,286669
56000,WY,Wyoming,Unemployed_2023,8538
56000,WY,Wyoming,Unemployment_rate_2023,2.9
56000,WY,Wyoming,Median_Household_Income_2022,71275
56000,WY,Wyoming,Med_HH_Income_Percent_of_State_Total_2022,100
72000,PR,Puerto Rico,Civilian_labor_force_2019,1090852
72000,PR,Puerto Rico,Employed_2019,1000363
72000,PR,Puerto Rico,Unemployed_2019,90489
72000,PR,Puerto Rico,Unemployment_rate_2019,8.3
72000,PR,Puerto Rico,Civilian_labor_force_2021,1171949
72000,PR,Puerto Rico,Employed_2021,1079112
72000,PR,Puerto Rico,Unemployed_2021,92837
72000,PR,Puerto Rico,Unemployment_rate_2021,7.9
72000,PR,Puerto Rico,Civilian_labor_force_2022,1187414
72000,PR,Puerto Rico,Employed_2022,1115938
72000,PR,Puerto Rico,Unemployed_2022,71476
72000,PR,Puerto Rico,Unemployment_rate_2022,6
72000,PR,Puerto Rico,Civilian_labor_force_2023,1197463
72000,PR,Puerto Rico,Employed_2023,1127126
72000,PR,Puerto Rico,Unemployed_2023,70337
72000,PR,Puerto Rico,Unemployment_rate_2023,5.9
